{"parameters": {"dataset_name": "synth_dataset_v2.json", "model_name": "Text analytics Analyzer", "labeling_scheme": "BIO", "entities_to_keep": null}, "metrics": {"pii_f": 0.7342419981999261, "Person_precision": 0.8781127129750983, "Age_precision": NaN, "Email_precision": 1.0, "URL_precision": 1.0, "InternationalBankingAccountNumber_precision": 1.0, "Organization_precision": 0.6764705882352942, "Address_precision": 0.9320269442743417, "USSocialSecurityNumber_precision": 1.0, "CreditCardNumber_precision": 1.0, "IPAddress_precision": 0.9166666666666666, "DateTime_precision": 0.3498402555910543, "USDriversLicenseNumber_precision": NaN, "PhoneNumber_precision": 0.8742138364779874, "Person_recall": 0.9788166544923301, "Age_recall": 0.0, "Email_recall": 0.5714285714285714, "URL_recall": 1.0, "InternationalBankingAccountNumber_recall": 1.0, "Organization_recall": 0.7757936507936508, "Address_recall": 0.49560403777271245, "USSocialSecurityNumber_recall": 1.0, "CreditCardNumber_recall": 0.5147058823529411, "IPAddress_recall": 1.0, "DateTime_recall": 1.0, "USDriversLicenseNumber_recall": 0.0, "PhoneNumber_recall": 0.7942857142857143, "Person": 1369, "Age": 74, "Email": 49, "URL": 37, "InternationalBankingAccountNumber": 21, "Organization": 504, "Address": 3071, "USSocialSecurityNumber": 80, "CreditCardNumber": 136, "IPAddress": 22, "DateTime": 219, "USDriversLicenseNumber": 9, "PhoneNumber": 350}, "dataset_info": null, "confusion_matrix": [[1522, 0, 0, 9, 0, 0, 0, 1406, 47, 72, 14, 0, 0, 0], [0, 0, 0, 0, 0, 0, 0, 42, 0, 0, 0, 0, 0, 0], [0, 0, 70, 0, 0, 0, 0, 38, 0, 0, 10, 0, 0, 0], [0, 0, 0, 219, 0, 0, 0, 0, 0, 0, 0, 0, 0, 0], [0, 0, 0, 0, 28, 0, 0, 0, 0, 21, 0, 0, 0, 0], [0, 0, 0, 0, 0, 22, 0, 0, 0, 0, 0, 0, 0, 0], [0, 0, 0, 0, 0, 0, 21, 0, 0, 0, 0, 0, 0, 0], [110, 0, 0, 395, 0, 0, 0, 19331, 136, 39, 9, 0, 0, 0], [1, 0, 0, 0, 0, 0, 0, 58, 391, 54, 0, 0, 0, 0], [0, 0, 0, 0, 0, 0, 0, 24, 4, 1340, 0, 0, 0, 0], [0, 0, 0, 3, 0, 2, 0, 67, 0, 0, 278, 0, 0, 0], [0, 0, 0, 0, 0, 0, 0, 0, 0, 0, 0, 37, 0, 0], [0, 0, 0, 0, 0, 0, 0, 2, 0, 0, 7, 0, 0, 0], [0, 0, 0, 0, 0, 0, 0, 0, 0, 0, 0, 0, 0, 80]], "labels": ["Address", "Age", "CreditCardNumber", "DateTime", "Email", "IPAddress", "InternationalBankingAccountNumber", "O", "Organization", "Person", "PhoneNumber", "URL", "USDriversLicenseNumber", "USSocialSecurityNumber"]}