{"parameters": {"dataset_name": "synth_dataset_v2.json", "model_name": "Presidio Analyzer", "labeling_scheme": "BIO", "entities_to_keep": ["AU_ABN", "DATE_TIME", "US_DRIVER_LICENSE", "CREDIT_CARD", "PHONE_NUMBER", "CRYPTO", "US_SSN", "MEDICAL_LICENSE", "IBAN_CODE", "NRP", "US_ITIN", "UK_NHS", "AU_TFN", "LOCATION", "AU_MEDICARE", "US_PASSPORT", "SG_NRIC_FIN", "AU_ACN", "EMAIL_ADDRESS", "PERSON", "US_BANK_NUMBER", "IP_ADDRESS", "URL"]}, "metrics": {"pii_f": 0.7451086892349836, "DATE_TIME_precision": 0.24150485436893204, "US_DRIVER_LICENSE_precision": 1.0, "EMAIL_ADDRESS_precision": 1.0, "PERSON_precision": 0.6984126984126984, "CREDIT_CARD_precision": 1.0, "PHONE_NUMBER_precision": 0.9365853658536586, "IBAN_CODE_precision": 1.0, "IP_ADDRESS_precision": 0.9523809523809523, "US_SSN_precision": 1.0, "LOCATION_precision": 0.5023584905660378, "NRP_precision": 0.5277777777777778, "DATE_TIME_recall": 0.908675799086758, "US_DRIVER_LICENSE_recall": 0.4444444444444444, "EMAIL_ADDRESS_recall": 1.0, "PERSON_recall": 0.8356464572680788, "CREDIT_CARD_recall": 0.7720588235294118, "PHONE_NUMBER_recall": 0.5485714285714286, "IBAN_CODE_recall": 0.9523809523809523, "IP_ADDRESS_recall": 0.9090909090909091, "US_SSN_recall": 1.0, "LOCATION_recall": 0.4088291746641075, "NRP_recall": 0.6909090909090909, "DATE_TIME": 219, "US_DRIVER_LICENSE": 9, "EMAIL_ADDRESS": 49, "PERSON": 1369, "CREDIT_CARD": 136, "PHONE_NUMBER": 350, "IBAN_CODE": 21, "IP_ADDRESS": 22, "US_SSN": 80, "LOCATION": 521, "NRP": 55}, "dataset_info": null, "confusion_matrix": [[105, 0, 0, 0, 0, 0, 0, 29, 1, 1, 0, 0], [0, 199, 0, 0, 0, 0, 0, 20, 0, 0, 0, 0], [0, 0, 49, 0, 0, 0, 0, 0, 0, 0, 0, 0], [0, 0, 0, 20, 0, 0, 0, 1, 0, 0, 0, 0], [0, 2, 0, 0, 20, 0, 0, 0, 0, 0, 0, 0], [0, 2, 0, 0, 0, 213, 9, 239, 58, 0, 0, 0], [0, 0, 0, 0, 0, 1, 38, 12, 4, 0, 0, 0], [0, 612, 0, 0, 0, 195, 21, 22201, 431, 7, 0, 0], [0, 0, 0, 0, 0, 15, 4, 206, 1144, 0, 0, 0], [0, 9, 0, 0, 1, 0, 0, 148, 0, 192, 0, 0], [0, 0, 0, 0, 0, 0, 0, 0, 0, 5, 4, 0], [0, 0, 0, 0, 0, 0, 0, 0, 0, 0, 0, 80]], "labels": ["CREDIT_CARD", "DATE_TIME", "EMAIL_ADDRESS", "IBAN_CODE", "IP_ADDRESS", "LOCATION", "NRP", "O", "PERSON", "PHONE_NUMBER", "US_DRIVER_LICENSE", "US_SSN"]}